size;S:d->h;p:d->h;s:h->d;p:h->d;
2;0.000000;0.000000;0.000000;0.000000;
