size;S:d->h;p:d->h;s:h->d;p:h->d;
100000;0.303424;0.356384;0.234464;0.100384;
